Company Name,Email,Websites
Mingwen Intelligent,sales01@mgwmachine.com,mgwmachine.com
HNC,sales@hnc.su,hnc.su
Tengzhong Machinery,sales01@nttzmt.com,uncomtech.ru
Tesid Equipment,sales@unimach.ru,unimach.ru
ТД Ункомтех,sales@thebestcnc.com,saintymachine.com
JAT Cemented Carbide,sales@jillionsupply.com,jillionsupply.com
Rogen Technologies,sales@jatcarbide.com,jat-carbide.com
Искролайн,sales@iskroline.ru,iskroline.ru
Jimmy CNC Tool,sales@jimmytool.com,jimmytool.com
Ezhong Heavy Machinery,sales@ezhonggroup.com,ezhonggroup.com
Shixinghong Precision,swyct@126.com,saintymachine.com
Internor Machinery,sales@internor.com.cn,internor-mach.com
РИЦ Техносфера,sales@technosphera.ru,technosphera.ru
Howfit Science,sales@howfit-press.com,howfit-press.com
Fengyi Yinhu,sales@fengyitool.com,fengyitool.com